Metrics,reddit,weibo,amazon,yelp,tfinance,elliptic,tolokers,questions,dgraphfin,tsocial
Nodes,10984.0,8405.0,11944.0,45954.0,39357.0,203769.0,11758.0,48921.0,3700550.0,5781065.0
Edges,89500.0,385676.0,4429520.0,3892933.0,21261900.0,438124.0,530758.0,202461.0,7697810.0,78886573.0
Zero Deg Nodes,0.0,0.0,0.0,0.0,0.0,0.0,0.0,0.0,0.0,0.0
Zero InDeg Nodes,0.0,0.0,0.0,0.0,0.0,0.0,0.0,0.0,0.0,0.0
Zero OutDeg Nodes,0.0,0.0,0.0,0.0,0.0,0.0,0.0,0.0,0.0,0.0
NonZero In-Out Deg Nodes,10984.0,8405.0,11944.0,45954.0,39357.0,203769.0,11758.0,48921.0,3700550.0,5781065.0
Unique directed edges,168016.0,762947.0,8847096.0,7739912.0,42484443.0,672479.0,1049758.0,356001.0,11695070.0,151992081.0
Unique undirected edges,89500.0,385676.0,4429520.0,3892933.0,21261900.0,438124.0,530758.0,202461.0,7697810.0,78886573.0
Self Edges,10984.0,8405.0,11944.0,45954.0,39357.0,203769.0,11758.0,48921.0,3700550.0,5781065.0
BiDir Edges,168016.0,762947.0,8847096.0,7739912.0,42484443.0,672479.0,1049758.0,356001.0,11695070.0,151992081.0
Closed triangles,79603.0,5162576.0,1096491495.0,242468258.0,28648718363.0,260402.0,15536227.0,269542.0,4593563.0,237332584.0
Open triangles,17468452.0,116110331.0,4739843176.0,128496711.0,10829183886.0,1900993.0,153671308.0,18289605.0,4559640.0,8749983271.0
Frac. of closed triads,0.004536,0.04257,0.187873,0.653615,0.72569,0.120479,0.091818,0.014523,0.501853,0.026408
Connected component size,0.999636,0.999762,1.0,0.998825,0.999848,0.038671,1.0,1.0,1.0,0.985578
Strong conn. comp. size,0.999636,0.999762,1.0,0.998825,0.999848,0.038671,1.0,1.0,1.0,0.985578
Approx. full diameter,7.0,6.0,4.0,11.0,6.0,745.0,9.0,13.0,210.0,34.0
90% effective diameter,3.918504,2.91346,1.936902,4.44858,2.757837,20.423642,3.128479,4.920885,89.377446,10.468012
Average clustering coefficient,0.796759,0.481548,0.519554,0.794879,0.373887,1.289956,0.708975,1.377343,1.34151,0.449391
